id,prediction,,MAE
0,0.5071899,1.0163243,17.72524098
1,0.6558738,0.8519933,
2,1.2735485,1.456194,
3,61.367477,61.06528,
4,312.32126,306.6261,
5,956.5572,933.376,
6,2001.043,1997.474,
7,3247.3938,3241.9458,
8,2463.442,2420.8418,
9,2494.849,2451.2993,
10,2934.512,2865.933,
11,3264.7456,3365.12,
12,2453.683,2446.6326,
13,3017.5996,3014.6748,
14,2316.2358,2397.5537,
15,1670.632,1638.8312,
16,1423.863,1371.5571,
17,653.6006,633.63544,
18,243.32343,248.44191,
19,22.629322,24.166256,
20,0.19830596,0.7711223,
21,-0.6044208,0.32920748,
22,-0.6073123,0.29831424,
23,0.12020466,0.84675145,
24,1.1521856,1.1268306,
25,1.5528486,1.5697763,
26,4.0367103,3.7351587,
27,253.47176,247.22357,
28,735.49036,721.4483,
29,1361.0919,1318.8,
30,2300.5608,2269.259,
31,3303.561,3324.9658,
32,4052.1768,4047.5085,
33,4175.691,4126.1045,
34,4210.2686,4233.378,
35,4308.5396,4365.8,
36,4227.8877,4284.788,
37,4046.7805,4024.589,
38,3564.5999,3558.7632,
39,2758.7908,2777.3362,
40,1695.4512,1692.8003,
41,817.19025,832.23645,
42,422.5524,444.90494,
43,132.77167,134.08029,
44,7.5249615,4.9243493,
45,2.7407036,2.1223068,
46,1.2432166,1.7277398,
47,1.4713373,1.1852589,
48,0.808524,0.8091157,
49,0.26938346,0.8283105,
50,23.465212,25.160034,
51,299.5616,301.3181,
52,694.17444,680.43506,
53,1125.052,1116.3308,
54,2404.2358,2384.3796,
55,3389.5327,3354.5942,
56,4003.9094,4034.0469,
57,4610.5693,4698.0786,
58,4709.7036,4775.426,
59,4012.4724,3984.9824,
60,4220.1724,4250.4937,
61,3758.4463,3757.3604,
62,2879.7534,2834.0872,
63,1907.9503,1882.1853,
64,1259.8691,1257.6609,
65,645.5818,637.38605,
66,357.5284,364.3129,
67,127.11514,129.68513,
68,2.8487592,4.072034,
69,0.068125814,0,
70,-0.12321004,0,
71,-0.0958046,0,
72,1.5317234,1.3409476,
73,1.748295,1.760241,
74,20.135515,19.035767,
75,137.65479,133.11813,
76,451.3619,463.4278,
77,1131.447,1135.8528,
78,2439.3672,2437.0605,
79,3420.6943,3435.3198,
80,2859.4863,2781.5713,
81,3128.489,3153.3071,
82,3004.9634,3033.8147,
83,2928.6245,2897.0242,
84,3012.5715,3010.9683,
85,2424.4011,2508.6838,
86,3107.028,3129.5273,
87,2240.9631,2239.3557,
88,1631.5287,1666.2839,
89,636.2628,632.19904,
90,340.27576,334.71042,
91,119.66196,128.39037,
92,5.45292,8.906199,
93,0.38000697,0.5979531,
94,-1.1330055,0,
95,2.6484892,1.2398703,
96,0.95699644,1.490597,
97,1.4582617,2.1251512,
98,63.045116,67.38264,
99,298.37967,316.79172,
100,539.8423,534.4822,
101,1317.1162,1295.5475,
102,2753.7288,2771.6594,
103,3528.319,3490.66,
104,4348.322,4363.525,
105,4630.778,4703.623,
106,4849.3975,4890.18,
107,4785.3467,4861.966,
108,4543.097,4613.2427,
109,3835.9785,3881.7085,
110,3545.5774,3519.3013,
111,2839.6897,2852.3977,
112,1895.6055,1912.7777,
113,988.8684,972.4022,
114,455.17023,465.1595,
115,193.63332,201.00626,
116,17.106312,17.759594,
117,0.7893696,0.43034792,
118,0.20293108,0.09739238,
119,0.31475168,0.49406904,
120,0.51549006,0.6674321,
121,1.3259065,2.2302084,
122,60.786575,65.346725,
123,231.87198,235.41547,
124,590.0424,609.4831,
125,1507.1152,1512.7173,
126,2502.4692,2563.6646,
127,3696.9292,3670.526,
128,4091.5867,4057.188,
129,3620.4292,3620.5266,
130,3703.557,3697.6091,
131,3013.2974,3123.0686,
132,2582.9382,2675.1477,
133,2848.768,2928.7603,
134,2883.1907,2909.0815,
135,2073.2234,2098.168,
136,1279.7106,1268.7435,
137,877.1387,846.0978,
138,453.8292,466.72314,
139,204.00511,210.75003,
140,19.30526,20.265072,
141,1.2241172,1.0203137,
142,0.7449107,0.22215436,
143,0.42522532,0.816782,
144,0.5971209,0.93665725,
145,2.075521,2.445394,
146,73.78562,77.89855,
147,245.95915,254.79485,
148,663.49896,666.6473,
149,1624.383,1649.1455,
150,2730.9517,2724.7073,
151,3809.52,3849.6272,
152,3916.1663,3972.2964,
153,4055.872,4124.089,
154,3712.375,3683.0984,
155,3639.2986,3627.5894,
156,2863.084,2852.2722,
157,2985.8052,3009.6675,
158,2809.6125,2785.9883,
159,2156.6719,2109.3916,
160,1675.9468,1615.6663,
161,863.7445,880.10077,
162,453.84586,465.9901,
163,176.57645,191.02168,
164,16.964775,17.018688,
165,1.2805674,1.0117111,
166,1.487696,0.7373861,
167,0.124031484,0.53395325,
168,0.6792997,0.4904992,
169,0.51420784,1.0810704,
170,18.422432,16.569185,
171,96.66331,95.12066,
172,179.46954,197.41191,
173,264.502,261.5343,
174,287.82745,287.18286,
175,369.43158,368.2149,
176,538.9031,534.4045,
177,760.8432,760.64343,
178,801.4612,797.91833,
179,1244.5544,1286.9124,
180,1822.3048,1801.2473,
181,1983.8456,1928.4579,
182,2105.128,2075.4556,
183,1534.1598,1573.7534,
184,805.5043,810.4232,
185,503.12305,508.9978,
186,306.97153,310.06268,
187,141.0531,136.3172,
188,20.373848,19.700308,
189,0.7600563,0.7570784,
190,0.37906012,0.23079062,
191,0.4693136,0.8536716,
192,2.1408715,1.7974793,
193,3.5661254,3.6019168,
194,54.722412,52.18476,
195,213.1879,211.06505,
196,419.53525,422.4369,
197,1095.4062,1101.5366,
198,1530.9811,1476.6418,
199,2316.5476,2342.801,
200,1520.1421,1523.8221,
201,2036.9521,2033.7358,
202,2484.427,2469.428,
203,1474.5885,1557.9836,
204,2247.1987,2276.1108,
205,2472.4683,2507.584,
206,1987.1177,2005.2534,
207,1030.6869,1041.7533,
208,790.88477,800.48346,
209,496.89743,497.35458,
210,186.9664,182.92786,
211,62.731556,64.621574,
212,10.929096,11.956743,
213,2.1248388,1.0307744,
214,1.6654868,0.50993794,
215,2.4434388,1.3294555,
216,1.3400081,1.4809892,
217,1.6839669,2.2396843,
218,37.35271,35.41056,
219,125.17949,130.165,
220,186.51074,200.05678,
221,351.0675,333.03918,
222,847.8059,852.6156,
223,1430.0253,1472.6031,
224,2052.7314,2035.0575,
225,1986.9219,1963.6383,
226,1670.7834,1696.1782,
227,1554.7131,1532.0441,
228,1034.5739,1040.6051,
229,937.3433,917.0018,
230,821.4992,819.6486,
231,615.64777,614.5351,
232,465.44186,463.78943,
233,311.66464,310.72293,
234,177.90814,173.2184,
235,57.737545,59.586975,
236,14.324924,14.135989,
237,2.286946,1.7937913,
238,1.0361291,0.64560723,
239,1.0213754,0.98208195,
240,0.3985028,1.0907146,
241,1.0065866,1.806353,
242,27.710684,24.321926,
243,120.35784,120.257645,
244,319.90546,312.14526,
245,1181.5594,1181.0295,
246,1603.1311,1575.079,
247,2303.467,2334.1855,
248,2065.9314,2030.1213,
249,1736.7354,1752.0217,
250,2264.6797,2294.1963,
251,1570.1171,1600.6062,
252,2688.062,2744.6597,
253,2703.889,2739.1199,
254,2565.014,2584.8682,
255,1977.5308,1904.3137,
256,1277.4773,1343.948,
257,735.95404,758.0214,
258,479.69815,490.34628,
259,215.16821,211.25406,
260,51.242783,49.268715,
261,2.3864415,2.151441,
262,1.1135814,0.6390669,
263,1.3588663,0.7337226,
264,0.9615698,0.8497894,
265,3.1358392,2.9602091,
266,77.37374,80.127144,
267,169.66441,166.13658,
268,394.23218,390.1383,
269,819.55164,849.8708,
270,1040.5515,1101.1252,
271,1138.6703,1141.9988,
272,1542.9838,1538.2668,
273,1412.799,1429.0519,
274,1343.7732,1378.2665,
275,1397.3782,1441.022,
276,726.114,788.89276,
277,467.41205,466.86542,
278,557.0599,598.5776,
279,492.40924,521.74493,
280,504.97702,519.66077,
281,312.96286,306.24896,
282,149.00981,148.80927,
283,61.675545,59.442543,
284,14.809422,14.8953705,
285,0.8957787,1.3405203,
286,-0.86988485,0,
287,2.3702078,0.6339661,
288,-0.41738316,0.08839284,
289,5.117578,4.996635,
290,79.878716,79.287025,
291,193.29057,194.14441,
292,439.3191,440.7088,
293,1020.11426,1066.7415,
294,1444.9982,1433.5845,
295,2067.218,2129.7603,
296,2066.584,2130.412,
297,2662.3052,2736.5645,
298,2874.6694,2975.3926,
299,2669.8704,2693.4985,
300,2389.9265,2440.122,
301,2396.165,2460.065,
302,2465.0645,2490.2292,
303,1608.6901,1572.6951,
304,1291.8777,1240.9077,
305,913.908,922.83307,
306,406.4624,426.15488,
307,232.68715,233.65843,
308,40.515045,39.54974,
309,1.1685709,1.5669454,
310,0.7811796,0.6154654,
311,0.22973675,0.7280859,
312,0.79916406,0.86143845,
313,6.109273,6.00223,
314,71.82539,72.172195,
315,226.7852,226.41661,
316,507.77966,525.4322,
317,675.5995,693.4263,
318,1281.2449,1272.2317,
319,2027.4316,2032.1089,
320,2532.3152,2638.2673,
321,2828.3125,2883.68,
322,2932.5771,2931.5908,
323,2660.4814,2783.5122,
324,2232.7598,2230.0251,
325,1573.5035,1628.2957,
326,1371.7017,1390.6974,
327,826.41296,885.53687,
328,757.63696,754.0998,
329,427.70712,427.2895,
330,221.63226,225.3271,
331,112.00378,110.30694,
332,24.803104,23.455683,
333,0.23296297,0.93701535,
334,0.076376885,0.26502848,
335,0.87471724,1.069546,
336,0.8442571,1.0529448,
337,3.307591,3.535341,
338,41.082405,37.451843,
339,129.65985,121.492584,
340,264.62372,261.31003,
341,505.43314,481.0559,
342,790.792,804.1166,
343,1022.7198,1013.077,
344,1501.9868,1478.648,
345,1572.0682,1524.8323,
346,1307.3491,1296.3173,
347,2067.6467,2046.9082,
348,1629.5004,1646.7161,
349,1790.6729,1762.9445,
350,1472.722,1474.5603,
351,1254.9874,1290.7648,
352,739.25586,736.33716,
353,404.12042,410.25018,
354,242.95398,253.9432,
355,144.06155,150.69121,
356,40.638725,39.000343,
357,1.6105905,1.9603583,
358,1.4672709,1.2026865,
359,0.4410383,1.0369622,
360,0.9388573,1.3386647,
361,5.53279,5.067795,
362,54.86388,49.469128,
363,214.01117,219.1493,
364,319.84988,326.9684,
365,596.0487,602.6458,
366,1059.7716,1066.2261,
367,1211.8176,1216.5635,
368,2123.8813,2128.9995,
369,2253.7725,2308.8088,
370,2040.7538,2083.979,
371,2301.1003,2416.129,
372,2200.317,2244.7446,
373,1995.0642,2030.4207,
374,1477.387,1429.037,
375,1225.75,1238.1074,
376,1052.4789,1047.508,
377,804.8235,807.3877,
378,405.96277,418.4795,
379,129.93948,134.62556,
380,23.415379,21.628712,
381,1.1058543,1.3257406,
382,0.9868889,0.8637316,
383,0.49291316,1.148022,
384,1.7798607,1.9467995,
385,7.955724,6.586813,
386,56.59775,55.48246,
387,177.38367,178.89227,
388,321.0916,311.8057,
389,582.1717,561.0307,
390,543.55945,533.5697,
391,824.8549,831.5704,
392,1061.8568,1068.165,
393,1691.8977,1698.0402,
394,1719.9233,1741.1132,
395,2196.5442,2165.0515,
396,2415.1003,2538.021,
397,2446.7688,2487.5342,
398,1979.7551,1930.3494,
399,1333.1979,1411.1024,
400,1011.3685,1019.67065,
401,939.7111,937.37616,
402,452.72174,469.8525,
403,242.71782,253.16093,
404,77.121086,79.125305,
405,3.5155063,4.3290224,
406,0.6000759,0.73166174,
407,0.2897245,0.8136454,
408,3.510155,2.7958877,
409,29.857222,36.194214,
410,157.02919,155.08438,
411,392.3639,411.66797,
412,784.978,813.9175,
413,1945.5793,1969.1484,
414,3175.3188,3168.2554,
415,4130.7363,4091.6357,
416,4672.391,4683.4297,
417,5051.499,5074.49,
418,4877.625,4939.94,
419,4735.527,4831.461,
420,4654.2114,4705.372,
421,4036.167,4100.0366,
422,3373.246,3364.7988,
423,3025.518,3033.6162,
424,2211.7068,2188.757,
425,1166.6228,1151.363,
426,563.63586,556.6194,
427,321.5218,334.80984,
428,122.30977,127.855156,
429,7.272874,7.0272117,
430,0.07390097,0.1701178,
431,0.8082664,0.20747201,
432,1.936484,2.8834913,
433,23.360632,23.808155,
434,143.05681,147.91486,
435,442.4104,434.98126,
436,865.83734,871.27026,
437,1522.811,1557.9802,
438,2090.4817,2103.2485,
439,3353.9849,3340.3193,
440,4091.1099,4086.3542,
441,4502.02,4565.75,
442,3650.5876,3664.8206,
443,2523.5242,2652.0105,
444,1587.1802,1555.6194,
445,1007.01337,1028.389,
446,1226.048,1281.0581,
447,1270.1938,1277.5015,
448,1078.0698,1113.517,
449,621.1253,629.1536,
450,257.94025,273.13565,
451,159.0289,165.50456,
452,72.462875,69.704185,
453,6.388423,6.944792,
454,1.3043238,1.4991426,
455,2.3634913,1.5121853,
456,0.5062361,1.0943452,
457,10.164916,9.732901,
458,95.270966,96.77181,
459,228.21985,230.11794,
460,396.27847,386.70795,
461,993.6542,973.90295,
462,2116.117,2126.2305,
463,2975.1,2961.6772,
464,3835.0857,3817.8557,
465,4066.9314,3970.1306,
466,3677.4868,3779.184,
467,4000.4922,4065.2695,
468,4574.389,4641.4517,
469,3947.4448,3940.081,
470,3391.9424,3395.3425,
471,2991.6233,3037.6113,
472,2259.8696,2276.9778,
473,1292.2428,1272.9684,
474,611.70105,613.3079,
475,334.83228,346.8412,
476,139.67477,138.43697,
477,11.989077,12.385288,
478,1.6583592,1.6610456,
479,2.6743562,1.9323488,
480,0.8310138,1.0961848,
481,17.379593,17.198256,
482,141.25708,140.34323,
483,295.6211,311.13724,
484,645.0927,660.3688,
485,1346.2607,1345.6095,
486,2271.3027,2236.8699,
487,3265.401,3217.1458,
488,4433.4053,4497.8955,
489,4877.192,4911.212,
490,4976.75,5033.714,
491,4937.6226,4978.847,
492,4639.9478,4707.1865,
493,4172.3936,4207.267,
494,3449.504,3423.015,
495,2849.047,2849.6213,
496,2158.1165,2132.7207,
497,1293.1418,1281.1855,
498,680.2912,674.7288,
499,373.84467,374.26355,
500,155.31529,153.26213,
501,8.997811,9.622276,
502,0.4486916,0.4177767,
503,0.8469001,0.44382527,
504,1.3520948,1.5699642,
505,15.965736,14.050699,
506,138.3606,136.10143,
507,451.41852,429.87238,
508,743.9908,769.0114,
509,1304.2793,1303.5752,
510,2416.2676,2426.9146,
511,3499.0286,3521.18,
512,4225.4414,4238.5146,
513,4729.2773,4790.638,
514,4854.8613,4883.9478,
515,3541.6885,3568.5857,
516,2990.0415,2972.3823,
517,3012.9624,2963.9924,
518,2201.774,2238.1372,
519,1719.2598,1762.269,
520,1307.8204,1327.415,
521,692.04376,662.8842,
522,449.07877,455.11548,
523,218.70004,221.33008,
524,57.88639,58.46678,
525,3.144217,3.2211297,
526,-1.1093843,0,
527,-0.9169755,0,
528,-1.3968499,0,
529,7.365588,8.357855,
530,50.01097,47.592915,
531,126.4663,131.52197,
532,255.47662,265.98804,
533,469.49377,480.60788,
534,830.2834,793.49457,
535,942.8669,946.34515,
536,777.56525,813.22437,
537,805.8271,742.7993,
538,1676.1069,1780.6204,
539,3077.6804,3094.5466,
540,3663.3242,3642.642,
541,3384.9666,3458.4578,
542,3252.9702,3310.7024,
543,2645.3555,2630.913,
544,1713.4373,1680.1797,
545,1231.6788,1217.7142,
546,640.8198,618.7582,
547,323.8463,322.42853,
548,110.414734,119.435455,
549,10.295489,10.832988,
550,-0.15415516,0,
551,0.5147486,1.4167533,
552,-1.6603131,0,
553,8.9484625,15.042263,
554,55.200268,60.669502,
555,118.1488,123.13562,
556,147.59222,154.70369,
557,219.28043,218.88152,
558,356.24445,360.30328,
559,774.6964,769.88824,
560,941.42975,947.5733,
561,1282.2605,1272.9427,
562,1172.4341,1197.862,
563,1130.7328,1116.3362,
564,841.9446,845.5181,
565,1404.4254,1461.2092,
566,1785.8873,1786.6117,
567,2248.2449,2266.8257,
568,1593.7568,1559.4545,
569,946.4575,965.24475,
570,409.3006,407.57474,
571,183.28809,180.50378,
572,71.78734,74.276825,
573,4.649947,5.197062,
574,0.6402365,0.7432147,
575,0.3059188,0.45463833,
576,1.1685691,1.8569276,
577,23.104885,21.67001,
578,128.01237,131.38957,
579,297.60767,284.65677,
580,755.7716,745.6262,
581,1689.6764,1631.3313,
582,2796.2305,2753.565,
583,3765.8386,3773.2336,
584,4285.1514,4313.9004,
585,4560.5073,4549.918,
586,4609.3745,4607.0083,
587,4515.5938,4471.942,
588,3873.6096,3937.3687,
589,2724.6145,2659.7778,
590,2392.5547,2400.6956,
591,1902.4641,1916.3866,
592,1403.8889,1364.5938,
593,851.4101,842.19885,
594,313.14325,326.68805,
595,188.72017,197.73434,
596,88.879715,98.31705,
597,8.553565,10.084225,
598,-0.61018467,0,
599,-0.6251575,0,
600,0.7566595,1.1011064,
601,14.758259,13.246283,
602,132.41785,130.21465,
603,294.43707,292.3263,
604,713.09973,725.1511,
605,1567.2614,1574.4844,
606,2556.274,2582.6313,
607,3506.7415,3580.414,
608,4294.8867,4282.356,
609,4638.0493,4619.6396,
610,4564.1304,4614.555,
611,4740.1235,4791.586,
612,4617.389,4667.6343,
613,4065.47,4063.2356,
614,3360.6833,3370.4878,
615,2285.1365,2354.985,
616,1550.7452,1555.4778,
617,996.78766,975.7521,
618,570.29785,574.8759,
619,284.06992,276.85608,
620,103.11813,110.30618,
621,8.123894,8.086303,
622,0.4935359,0.73606914,
623,0.97721636,1.1466978,
624,0.6523093,1.216784,
625,12.58646,11.411407,
626,97.41378,104.34288,
627,233.9603,243.05992,
628,373.26163,369.31207,
629,540.69073,543.42395,
630,566.8264,595.56616,
631,623.522,628.8553,
632,809.4022,816.82666,
633,1216.1519,1252.6697,
634,1390.1897,1428.1825,
635,886.30804,856.69006,
636,1262.7217,1280.7625,
637,667.57025,678.0395,
638,517.32916,534.2755,
639,594.73315,619.6139,
640,383.8025,408.40936,
641,281.42517,280.9109,
642,142.46677,140.8985,
643,77.166214,76.72314,
644,23.497465,23.7846,
645,0.77689135,0.94747037,
646,-1.4098043,0,
647,-0.28139487,0,
648,0.75510716,0,
649,6.9647827,5.179609,
650,34.579796,33.139957,
651,92.13198,99.235275,
652,116.44699,117.30534,
653,208.32706,214.55566,
654,329.16382,339.80673,
655,604.7656,600.6604,
656,621.2512,655.0949,
657,656.247,700.0382,
658,663.9905,670.90985,
659,403.45456,401.6553,
660,751.4561,775.29736,
661,712.5277,730.0049,
662,704.16345,722.4109,
663,686.955,710.72144,
664,603.531,604.00867,
665,444.91077,443.69028,
666,306.82385,323.9103,
667,119.89009,120.02467,
668,28.82535,30.91452,
669,2.5609648,3.3059356,
670,-0.30370417,0.25909913,
671,-0.42048147,0.11747251,
672,0.35397062,0.82700664,
673,14.833748,16.396643,
674,113.87184,120.29965,
675,211.30986,231.12524,
676,571.3775,596.5662,
677,1173.2002,1229.2529,
678,1833.0203,1836.5903,
679,2282.1565,2368.562,
680,3350.198,3339.1985,
681,3970.739,4049.8235,
682,4143.705,4093.089,
683,3904.3933,3995.0808,
684,3116.1753,3098.1433,
685,3248.6416,3202.6062,
686,2763.6506,2830.9707,
687,1704.9036,1726.6095,
688,1031.3945,1051.7925,
689,496.33505,472.07538,
690,293.97693,312.21255,
691,167.80925,172.97855,
692,70.178696,78.93992,
693,1.9134719,3.0337543,
694,-0.686169,0,
695,0.8514024,0,
696,0.07811883,0.43122584,
697,8.766084,9.16221,
698,76.98874,79.09295,
699,243.37021,241.71613,
700,366.45856,376.906,
701,402.23782,405.1559,
702,587.82935,569.4706,
703,691.538,665.5303,
704,1486.5353,1573.7065,
705,2319.5234,2342.1946,
706,2882.4546,2800.5715,
707,3427.7515,3422.918,
708,3440.751,3412.736,
709,2930.3328,2883.2861,
710,1588.0992,1577.4099,
711,1237.2106,1224.9897,
712,931.24066,906.2223,
713,532.3491,519.61395,
714,353.60617,361.67163,
715,220.45149,225.03558,
716,97.11982,95.001625,
717,5.1064444,4.9279404,
718,1.6334268,0.81344426,
719,1.9773401,1.3195112,
720,0.34945774,0.021632865,
721,0.45705938,0.051190004,
722,0.33689052,0.020101449,
723,2.9713967,3.999418,
724,47.73718,51.389675,
725,180.08554,173.98274,
726,336.00732,340.3747,
727,421.47247,467.45697,
728,442.19507,416.1314,
729,490.81006,417.5008,
730,502.09818,466.2941,
731,539.7623,572.149,
732,525.86206,519.07666,
733,546.4193,541.55835,
734,439.93173,464.72003,
735,322.09683,349.3682,
736,191.15814,203.13155,
737,97.60942,102.39422,
738,40.037003,37.46778,
739,1.7870104,3.2230735,
740,0,0.052336257,
741,0.07076562,0.03545983,
742,0.70584935,0,
743,0.49364704,0,
744,0.13233724,0.21635039,
745,0.18879664,0.15086183,
746,0.16563952,0.12080065,
747,20.694206,21.469017,
748,101.66069,105.19495,
749,217.50897,244.30351,
750,337.73163,344.836,
751,508.36847,536.3124,
752,649.3789,631.63,
753,725.00586,709.10803,
754,746.3098,675.7178,
755,767.7239,698.6122,
756,738.41235,673.7822,
757,710.6029,662.4725,
758,583.36273,577.3138,
759,399.59448,424.2174,
760,251.6035,270.36472,
761,128.02354,134.37393,
762,54.64666,66.26904,
763,10.228761,13.358411,
764,1.669109,0.5945028,
765,0.8296063,0.39270496,
766,0.46985835,0.2664493,
767,0.5706777,0.17056486,
768,0.11907922,0.2909504,
769,0.45643282,0.39256138,
770,1.1525912,2.2579987,
771,38.51606,42.963356,
772,140.93045,142.87628,
773,310.78464,318.15445,
774,506.95074,509.74127,
775,669.1892,676.92206,
776,825.71594,828.9951,
777,914.297,912.3644,
778,952.0267,975.5116,
779,888.8985,897.36237,
780,890.15173,896.5796,
781,729.94305,788.8018,
782,611.8851,635.3213,
783,397.3672,406.69324,
784,254.02777,268.78918,
785,145.9487,139.74371,
786,69.94845,70.46654,
787,12.698175,15.6452055,
788,0,0.6638426,
789,0,0.047759484,
790,0,0.02341172,
791,0,0.030751655,
792,0.53080916,0,
793,0.950165,0.062979005,
794,3.8892922,1.8941438,
795,31.047138,26.966656,
796,100.14412,112.72106,
797,238.29718,249.03864,
798,406.26654,451.4699,
799,586.5343,642.83154,
800,712.5209,657.7123,
801,650.6915,600.65796,
802,638.415,618.69745,
803,611.2792,589.8077,
804,639.5816,594.5303,
805,549.6448,457.11346,
806,576.3507,613.3555,
807,502.41318,479.8473,
808,293.63702,300.09836,
809,146.61632,126.488556,
810,71.99853,59.328888,
811,18.428522,19.243654,
812,0.3334636,2.0115128,
813,0.18733314,0.17797284,
814,0,0.048558407,
815,0.77581066,0,
816,0.20224907,0.10551152,
817,0.20279133,0.12749317,
818,4.292033,7.3928785,
819,52.350784,45.064354,
820,130.62854,130.62387,
821,241.51761,241.88086,
822,407.85504,435.28033,
823,616.9629,602.09393,
824,766.1498,788.74146,
825,807.4134,846.9037,
826,918.7815,914.08167,
827,972.15625,996.41113,
828,898.0559,910.86554,
829,802.69226,805.4895,
830,618.99,637.236,
831,493.89413,503.09244,
832,314.72424,327.04764,
833,153.54843,169.37497,
834,81.42485,87.21685,
835,23.45771,24.814499,
836,1.8164485,3.3029656,
837,1.367734,0.3909871,
838,1.618299,0.41858304,
839,1.0098509,0.20676544,
840,0.5945335,0.22228976,
841,0.16199195,0.1543852,
842,5.633076,7.572082,
843,52.757835,53.865433,
844,150.52562,149.86368,
845,309.61737,344.68298,
846,441.88367,458.25452,
847,640.3284,607.05426,
848,718.2085,738.2081,
849,764.727,790.68567,
850,771.09814,810.99963,
851,758.3355,710.44025,
852,700.088,637.2069,
853,696.7362,724.49207,
854,567.0332,621.4293,
855,450.19232,460.59467,
856,308.7803,311.4255,
857,170.97627,177.20436,
858,104.2036,95.772125,
859,27.106709,25.550156,
860,1.2401371,3.3409731,
861,0,0.15503988,
862,0.02838945,0.12754627,
863,0.416745,0.12692639,
864,0.2921108,0.20529531,
865,0.15124536,0.20144665,
866,6.134358,7.804797,
867,55.874245,53.954216,
868,164.14124,171.06133,
869,334.3316,354.05917,
870,510.95703,515.3533,
871,686.8749,691.1743,
872,849.6969,831.9373,
873,872.8878,858.9206,
874,797.5191,819.88293,
875,814.6559,839.1678,
876,810.8063,784.1688,
877,735.171,779.09155,
878,597.1912,642.67834,
879,445.11166,461.98608,
880,305.45923,317.68674,
881,170.64821,183.14761,
882,94.685356,90.22247,
883,35.03273,31.329231,
884,2.4859457,3.7494595,
885,0.7504831,0.16268054,
886,0.9773625,0.40188506,
887,0.9406033,0.09991285,
888,1.3347044,0.10714661,
889,1.0234339,0.03346612,
890,2.6245542,1.2146449,
891,10.425046,9.05195,
892,27.67157,25.498402,
893,50.689163,37.811752,
894,78.966354,57.37727,
895,136.18912,107.68826,
896,176.1719,183.24084,
897,214.58081,203.50288,
898,237.91113,229.1756,
899,313.44165,321.25684,
900,448.01978,372.68884,
901,448.3657,431.73853,
902,455.06207,399.4081,
903,353.6182,303.5257,
904,244.09192,202.7885,
905,145.0266,121.52325,
906,82.03816,59.09965,
907,26.064388,23.855923,
908,1.6029296,2.8641813,
909,0,0.013092384,
910,0,0.018253589,
911,0,0,
912,0.9741187,1.3626804,
913,0.8272338,0.6761793,
914,12.38027,13.343097,
915,43.799484,45.793736,
916,76.55943,89.654655,
917,141.73138,189.84058,
918,249.37302,256.18716,
919,458.13544,448.56964,
920,422.53122,391.91708,
921,335.63098,347.739,
922,470.48322,486.5628,
923,432.53986,440.04697,
924,364.86594,424.59427,
925,447.72894,468.40515,
926,453.03198,459.26212,
927,253.71965,234.28967,
928,140.75786,154.96782,
929,108.183716,118.26076,
930,60.453896,57.39653,
931,23.658995,14.66455,
932,4.4040136,1.7959086,
933,1.8947678,0.37893838,
934,2.1264756,0.527127,
935,1.7632099,0.23416945,
936,0.80558497,0.112514354,
937,0.9325483,0.2133801,
938,6.163426,4.601018,
939,14.21858,16.499743,
940,20.476477,25.949549,
941,50.783802,55.099503,
942,132.9868,146.55238,
943,347.89697,343.18738,
944,442.47662,462.2044,
945,380.32904,414.5857,
946,352.5326,411.3338,
947,420.67572,464.90176,
948,286.27853,319.4608,
949,231.04822,235.53142,
950,228.46817,255.03575,
951,166.17819,197.55835,
952,100.29047,110.347145,
953,72.09009,81.55611,
954,59.222145,57.505924,
955,21.183487,27.864313,
956,5.880658,2.6362987,
957,0.21508905,0,
958,0,0.01673202,
959,0.12636197,0,
960,0.1925861,0.013078317,
961,0.5873896,0.15370682,
962,5.772816,3.4592137,
963,26.036839,24.791178,
964,73.661606,70.087654,
965,188.1076,194.64886,
966,327.6066,328.12158,
967,419.57617,396.8335,
968,354.95093,308.45334,
969,178.76341,222.64735,
970,235.66803,229.61603,
971,248.64206,312.60614,
972,290.78992,462.4077,
973,294.59836,428.89008,
974,353.99707,426.5368,
975,334.4493,366.54138,
976,229.22287,246.62505,
977,166.48502,156.56047,
978,125.75157,119.22224,
979,49.661514,43.70744,
980,12.394464,9.75598,
981,3.4052572,4.3756037,
982,2.740665,2.3191853,
983,4.1109376,1.9715037,
984,0.10984288,0,
985,0.4536499,0.22993594,
986,17.949192,16.776932,
987,55.015015,52.35937,
988,105.39198,112.29477,
989,191.12538,190.2839,
990,334.2273,304.17426,
991,387.27258,288.06912,
992,419.73486,375.6098,
993,429.99365,417.40417,
994,439.0754,502.05957,
995,325.75757,447.12695,
996,249.28569,275.4371,
997,183.21663,159.95184,
998,178.88875,148.22343,
999,152.99622,102.19222,
1000,97.07904,65.62109,
1001,98.81529,72.20192,
1002,56.67841,47.32206,
1003,26.173592,25.228157,
1004,10.016072,9.81705,
1005,3.3048048,3.9985473,
1006,0.9926332,0.8402538,
1007,0.37370998,0,
1008,0.16216281,0,
1009,0.7342534,0.20566233,
1010,13.161282,17.991196,
1011,44.750336,48.34913,
1012,84.63478,118.534836,
1013,156.69672,218.4248,
1014,283.77414,304.2594,
1015,308.62808,309.81473,
1016,368.97137,399.72638,
1017,347.08276,371.55963,
1018,375.99417,422.37277,
1019,383.3119,420.09753,
1020,392.89197,518.65704,
1021,399.5714,504.82538,
1022,449.99286,452.61853,
1023,342.62158,339.9925,
1024,229.94867,289.90915,
1025,132.37892,157.79724,
1026,89.12204,95.96997,
1027,44.83616,44.666157,
1028,4.5677643,5.2346745,
1029,0.39145193,0.14864007,
1030,0.4163323,0,
1031,0.6229224,0,
1032,0.72412807,0.093068026,
1033,0.9293188,0.21707158,
1034,9.771227,12.151377,
1035,50.96669,51.142273,
1036,124.35056,138.27205,
1037,191.39809,199.51897,
1038,360.60062,379.22607,
1039,491.8604,469.59,
1040,609.77374,583.542,
1041,677.83057,672.6089,
1042,673.19977,672.2041,
1043,669.1014,655.4085,
1044,595.1923,568.1422,
1045,430.41064,449.42902,
1046,336.85596,352.13965,
1047,234.1447,229.55832,
1048,150.16338,160.26285,
1049,77.00786,89.816475,
1050,46.76508,52.784065,
1051,28.558413,20.377525,
1052,6.1686354,4.0956774,
1053,0.21584022,0.040231768,
1054,0.524395,0.004474232,
1055,0.83436286,0,
1056,0.84062666,0.009064788,
1057,1.5352817,0.19436853,
1058,4.4047666,2.797532,
1059,23.5496,21.523624,
1060,72.10338,65.79288,
1061,147.43956,150.70862,
1062,187.86916,213.54683,
1063,244.62402,242.25478,
1064,344.24957,394.11676,
1065,284.1254,363.44788,
1066,243.33968,362.67197,
1067,321.13306,480.239,
1068,239.16626,364.35056,
1069,246.68222,286.0747,
1070,222.55591,271.07468,
1071,225.133,246.60864,
1072,136.76585,158.5027,
1073,110.96,110.25405,
1074,65.54412,66.44992,
1075,34.780037,34.262054,
1076,5.6671467,4.7974057,
1077,0.34263375,0,
1078,0.343769,0,
1079,0.4647774,0,
1080,0.5815995,0.027628917,
1081,1.494623,0.27695066,
1082,6.1677613,7.4451857,
1083,47.6873,54.156975,
1084,97.253525,108.55857,
1085,146.43759,149.52118,
1086,233.24078,257.706,
1087,344.8922,337.07993,
1088,553.5389,549.4435,
1089,575.39056,659.09106,
1090,583.3595,638.97217,
1091,647.6479,704.05237,
1092,610.9554,598.21344,
1093,469.56955,424.92325,
1094,275.80322,286.77222,
1095,291.8346,272.99728,
1096,235.63472,246.58813,
1097,171.8584,189.04338,
1098,105.66923,99.10526,
1099,34.803974,35.58034,
1100,4.1166863,3.5968754,
1101,0.18089807,0,
1102,0.11559844,0,
1103,0.22375533,0,
1104,0.44775534,0.009454723,
1105,2.173953,0.4120528,
1106,3.9598248,5.535563,
1107,21.393433,21.56081,
1108,55.01712,54.889015,
1109,94.136475,107.342316,
1110,139.36789,155.30588,
1111,233.70616,245.86084,
1112,265.60986,306.8853,
1113,287.6204,351.79214,
1114,301.8603,348.39655,
1115,332.0478,412.5849,
1116,407.9467,471.9513,
1117,269.72345,326.2792,
1118,236.10635,236.56471,
1119,248.71866,238.46126,
1120,184.97815,206.19806,
1121,160.61295,172.99202,
1122,107.37031,107.37581,
1123,46.24418,45.856632,
1124,10.057088,10.898778,
1125,0.31282738,0.043761995,
1126,0,0,
1127,0.04404955,0,
1128,0.25497094,0.3590099,
1129,1.8376269,3.1328948,
1130,23.64566,30.312744,
1131,98.26549,105.403725,
1132,241.86212,245.20998,
1133,424.65875,411.64398,
1134,628.357,603.22235,
1135,805.97144,784.8104,
1136,939.15625,930.5242,
1137,1033.2609,1006.5877,
1138,1023.54224,1025.6179,
1139,1006.0078,1020.4691,
1140,1007.2445,1006.608,
1141,907.7347,895.2246,
1142,729.57574,735.83167,
1143,616.29034,589.40906,
1144,426.4693,435.73676,
1145,267.5714,278.2901,
1146,147.89023,155.74031,
1147,62.718124,67.43463,
1148,12.85224,16.546968,
1149,0.70003676,0.8336302,
1150,0,0.020699989,
1151,0,0.011460701,
1152,0.61614007,0.11852351,
1153,2.528686,3.0380585,
1154,32.46148,32.33409,
1155,103.14282,111.20638,
1156,200.87999,205.62283,
1157,332.7405,338.0636,
1158,474.4493,491.9083,
1159,613.0947,646.2815,
1160,818.6636,769.40936,
1161,841.6485,851.1073,
1162,792.083,805.4202,
1163,641.33167,590.63947,
1164,365.75043,373.60834,
1165,298.58875,268.32336,
1166,284.0865,312.34412,
1167,394.24512,308.17706,
1168,244.82932,223.3552,
1169,151.29292,159.39026,
1170,99.58835,93.218445,
1171,44.09359,47.61326,
1172,9.392692,11.45026,
1173,1.1833937,1.6670723,
1174,0.64261544,0.2210218,
1175,0.46217716,0.16814731,
1176,0.66538453,0.018616343,
1177,5.05612,1.3881264,
1178,20.854694,21.611423,
1179,52.539925,56.70625,
1180,114.126724,116.90573,
1181,264.98764,240.67903,
1182,377.00836,443.74292,
1183,515.20636,558.0191,
1184,744.7107,743.60583,
1185,862.7184,874.3037,
1186,811.0397,857.58105,
1187,945.059,974.7412,
1188,947.24963,962.3877,
1189,850.2978,869.66656,
1190,707.88025,699.5732,
1191,552.5322,577.54596,
1192,414.9485,431.39694,
1193,255.60867,263.96982,
1194,143.42886,156.10782,
1195,64.8601,66.89748,
1196,14.196353,17.414711,
1197,1.1602695,2.9312496,
1198,0.21910256,0.05250685,
1199,0.28691858,0.077369004,
1200,0.17832524,0.5810497,
1201,0.97861373,1.7446998,
1202,32.264053,35.050873,
1203,92.00064,88.64569,
1204,211.38123,205.21236,
1205,353.7094,352.4987,
1206,453.56616,466.22766,
1207,650.56616,609.00574,
1208,836.9781,802.85095,
1209,938.152,923.4586,
1210,979.54004,988.16455,
1211,1003.15894,977.7906,
1212,927.93005,921.42676,
1213,860.5797,852.8943,
1214,719.0908,722.0893,
1215,559.78564,579.00354,
1216,410.51654,433.87357,
1217,258.12747,279.91327,
1218,144.82274,154.86925,
1219,61.5727,67.51967,
1220,13.888434,16.293251,
1221,0,1.7587528,
1222,0,0.009081904,
1223,0,0,
1224,0,0,
1225,2.7801683,1.6650839,
1226,29.905289,27.14364,
1227,78.97206,84.14195,
1228,176.12614,171.91464,
1229,243.1767,283.21536,
1230,305.6845,374.84744,
1231,640.6632,634.0053,
1232,803.2969,791.6133,
1233,865.2184,859.6119,
1234,861.5922,860.7484,
1235,792.21924,685.1035,
1236,751.22595,680.96985,
1237,716.0966,702.49854,
1238,539.0747,540.07886,
1239,376.89374,414.41864,
1240,282.82166,285.27444,
1241,166.19853,163.78644,
1242,130.32927,119.33538,
1243,46.465126,52.666225,
1244,8.892835,12.659361,
1245,1.0731966,1.8816762,
1246,0,0,
1247,0,0,
1248,0,0.07788864,
1249,1.1492798,0.8435842,
1250,8.667286,16.742113,
1251,39.96834,42.326584,
1252,81.538284,85.1096,
1253,127.49312,129.09045,
1254,192.67029,206.133,
1255,226.54109,214.73247,
1256,174.75421,175.26334,
1257,162.13792,161.96117,
1258,343.10016,426.94864,
1259,753.34814,753.12427,
1260,758.3368,798.76636,
1261,811.8988,797.0658,
1262,632.16736,605.245,
1263,539.0223,527.4566,
1264,310.6662,323.57657,
1265,203.59265,205.53796,
1266,118.49921,116.96527,
1267,55.0976,53.59458,
1268,16.793179,17.860704,
1269,2.805859,4.6176214,
1270,2.3865976,0.80292267,
1271,0.5751106,0.18072495,
1272,3.0376046,5.158614,
1273,6.007178,8.9449215,
1274,8.288676,8.250183,
1275,20.178955,21.941963,
1276,25.237919,14.9289255,
1277,32.187325,30.295261,
1278,94.02092,74.92254,
1279,214.66956,236.75314,
1280,245.73117,215.43376,
1281,269.94952,349.8143,
1282,259.82654,345.872,
1283,298.19586,327.2244,
1284,281.77814,303.71216,
1285,519.9224,446.9925,
1286,455.533,427.29926,
1287,432.14316,454.0957,
1288,299.88446,294.0784,
1289,199.0134,188.94263,
1290,118.08447,106.954094,
1291,47.60338,44.13284,
1292,10.682239,9.556314,
1293,1.0460106,1.3545603,
1294,0.5312561,0.005562451,
1295,0.05805946,0.010718827,
1296,0,0,
1297,1.232845,1.4236904,
1298,26.541183,26.785517,
1299,80.230804,82.180145,
1300,188.45044,180.5693,
1301,338.41336,328.93198,
1302,531.76324,481.2077,
1303,654.1643,647.38806,
1304,731.0453,763.17645,
1305,832.4325,851.4955,
1306,895.57983,883.7178,
1307,900.72577,866.706,
1308,826.1604,797.2555,
1309,728.0668,600.40436,
1310,560.4166,494.70178,
1311,475.2171,441.4036,
1312,291.59818,294.56964,
1313,169.20026,180.75815,
1314,86.49225,76.87298,
1315,30.982159,27.62947,
1316,6.885627,13.084946,
1317,0.019134045,1.80859,
1318,0.07660156,0.24373037,
1319,0.88182133,0.465402,
1320,0,0,
1321,1.9196947,2.0214894,
1322,28.683243,26.481094,
1323,79.209045,78.10769,
1324,166.1062,164.24146,
1325,293.51392,288.77264,
1326,342.98755,406.90656,
1327,550.6414,596.59344,
1328,750.89685,792.3194,
1329,822.56177,865.09204,
1330,899.261,878.74054,
1331,913.0292,878.7381,
1332,890.40027,866.96277,
1333,796.37354,784.45044,
1334,618.35803,637.1674,
1335,457.3344,505.79602,
1336,279.04645,293.2629,
1337,186.06653,188.42218,
1338,127.857544,123.121506,
1339,70.28669,71.33715,
1340,18.792992,20.088251,
1341,1.4264433,2.3743193,
1342,0,0.07021956,
1343,0,0.1271772,
1344,0.00733649,0.13538302,
1345,3.8227844,2.1576917,
1346,25.963505,24.325052,
1347,60.39406,62.009182,
1348,120.80925,125.811676,
1349,178.98692,174.34567,
1350,230.93924,220.21115,
1351,221.30597,183.32693,
1352,261.1947,276.9319,
1353,420.40747,345.3996,
1354,335.68558,363.1838,
1355,265.5492,318.5559,
1356,374.45688,382.10425,
1357,311.29352,322.5577,
1358,260.75327,266.0076,
1359,215.138,228.24951,
1360,145.86888,136.74869,
1361,107.962036,83.7676,
1362,54.674885,45.161217,
1363,23.982876,21.146513,
1364,9.821659,5.201816,
1365,1.59569,1.5843676,
1366,2.2648776,0.8067094,
1367,0.702631,0.3331729,
1368,0,0,
1369,1.8050075,0.82257533,
1370,5.5233407,3.8407917,
1371,21.271412,13.568162,
1372,29.176006,21.23555,
1373,36.219627,31.9553,
1374,90.538055,80.313774,
1375,151.68036,185.26953,
1376,100.598785,141.722,
1377,121.79975,134.24596,
1378,180.29657,180.68419,
1379,191.37207,167.67413,
1380,227.25888,289.62122,
1381,260.25647,310.19534,
1382,194.12888,245.2341,
1383,175.72728,220.97816,
1384,142.30038,177.67911,
1385,130.7143,131.64874,
1386,80.46618,80.987076,
1387,34.01624,32.093452,
1388,13.503986,12.020892,
1389,2.450817,1.5337656,
1390,1.6270497,0,
1391,0,0,
1392,3.1228192,1.7242191,
1393,4.900934,3.8042417,
1394,23.898808,30.975042,
1395,57.522633,66.51329,
1396,90.99229,97.14872,
1397,129.47166,148.59326,
1398,61.999634,122.01764,
1399,275.28293,343.97864,
1400,597.6306,603.359,
1401,800.40674,752.7108,
1402,872.0513,801.69586,
1403,875.09326,768.6966,
1404,774.1177,642.52954,
1405,701.7034,497.21082,
1406,414.7746,363.3552,
1407,268.50467,221.47202,
1408,228.99135,153.8223,
1409,169.69989,140.15604,
1410,96.33722,83.98848,
1411,41.25596,46.643227,
1412,9.110665,14.2483225,
1413,2.122487,4.130368,
1414,1.0411038,1.1941843,
1415,1.071358,0.7883073,
1416,1.3936579,0.48078534,
1417,2.2821512,0.97066945,
1418,12.189691,18.16659,
1419,39.17273,37.225918,
1420,64.313614,77.11897,
1421,53.52144,56.383064,
1422,83.8667,79.350365,
1423,169.02396,114.26706,
1424,346.54855,357.6264,
1425,441.0155,426.50406,
1426,439.45847,522.24603,
1427,669.24554,675.9943,
1428,664.4501,585.5878,
1429,442.92584,441.96625,
1430,347.39438,345.8179,
1431,297.47977,283.52234,
1432,199.24243,225.10477,
1433,137.80058,138.534,
1434,82.55048,80.73837,
1435,42.718563,46.94993,
1436,11.937856,17.141407,
1437,0.6955369,1.4841214,
1438,0.008004297,0,
1439,0,0,
1440,0,0,
1441,0,0,
1442,0,0,
1443,1.3702892,1.5037044,
1444,14.306922,12.314628,
1445,33.7601,44.134045,
1446,131.69324,82.43803,
1447,269.9381,240.82686,
1448,342.1441,306.2418,
1449,402.44727,363.09143,
1450,443.49585,417.77167,
1451,416.4489,436.00708,
1452,208.69165,247.55093,
1453,330.79987,372.37796,
1454,377.339,414.695,
1455,301.9674,306.63177,
1456,255.14821,237.96655,
1457,166.71286,163.068,
1458,80.52811,78.137634,
1459,23.569544,27.289112,
1460,1.520213,1.8285003,
1461,0.33505034,0.16068995,
1462,0.97189164,0.08400434,
1463,0,0.15092866,
1464,0,0,
1465,0,0,
1466,0,0,
1467,5.132398,2.5586429,
1468,23.797607,18.519032,
1469,63.192314,64.54757,
1470,110.129715,126.51711,
1471,222.7358,244.20871,
1472,382.97113,396.1447,
1473,489.82608,506.24637,
1474,526.3236,576.8904,
1475,567.14374,654.5616,
1476,573.39386,652.1763,
1477,548.0048,606.2783,
1478,477.76944,514.40515,
1479,414.96753,436.4142,
1480,324.158,337.02756,
1481,178.50117,215.79533,
1482,111.91283,117.2795,
1483,63.9853,55.39078,
1484,14.880296,13.571965,
1485,6.3399625,3.2468586,
1486,4.2044473,1.0377734,
1487,0.55259734,0.040141717,
1488,0.26474008,0,
1489,0.1893828,0,
1490,1.6141101,0.29988703,
1491,10.901991,8.028381,
1492,35.92386,40.001835,
1493,114.53023,111.768875,
1494,255.98853,230.24121,
1495,415.37704,380.1303,
1496,585.4927,561.2614,
1497,758.03723,742.0923,
1498,777.39764,781.7107,
1499,698.1105,743.4599,
1500,738.06146,736.0461,
1501,640.0064,671.6769,
1502,571.5221,599.51404,
1503,371.62292,371.01453,
1504,290.85666,272.76276,
1505,177.05472,185.45915,
1506,120.98912,125.89948,
1507,66.72556,66.82143,
1508,15.291781,18.107014,
1509,2.2070994,1.1962124,
1510,1.9680086,0.98279405,
1511,0.25884414,0.059999052,
1512,0.14058343,0,
1513,0.22202617,0,
1514,1.324621,0.25443172,
1515,8.787647,6.624994,
1516,21.918188,22.299156,
1517,76.66984,75.1279,
1518,255.21585,210.84622,
1519,406.4057,375.31927,
1520,447.05826,412.62384,
1521,579.81213,487.5205,
1522,642.6144,528.2946,
1523,560.0895,522.5561,
1524,554.4873,502.1436,
1525,481.13556,445.61414,
1526,528.17664,523.3181,
1527,457.1367,491.9458,
1528,325.16452,334.25552,
1529,168.12311,174.68585,
1530,124.198044,124.94255,
1531,64.80091,56.59378,
1532,16.384806,17.51007,
1533,2.7116892,1.9255562,
1534,0.549128,0.037824836,
1535,0.043847077,0.019065276,
1536,0.34589314,0,
1537,0.5004411,0,
1538,4.535014,2.5050757,
1539,14.211882,8.65887,
1540,37.34252,32.343403,
1541,96.74861,96.43895,
1542,238.42203,233.89166,
1543,436.60397,416.59717,
1544,595.1346,574.9279,
1545,694.73114,698.46375,
1546,721.6173,729.4728,
1547,771.8167,769.7165,
1548,774.4372,739.17236,
1549,713.0816,734.5945,
1550,598.6247,622.8856,
1551,426.35767,462.11273,
1552,302.97604,314.64908,
1553,201.35303,221.77702,
1554,131.88554,139.1332,
1555,92.54627,90.37238,
1556,28.912285,32.33465,
1557,3.482499,4.662819,
1558,2.7947428,2.3420172,
1559,0.849547,0.8122206,
1560,0.4375668,0.14551352,
1561,0.38179496,0.034635276,
1562,4.582866,2.428857,
1563,15.574026,11.59263,
1564,40.38185,46.893127,
1565,125.8017,134.23221,
1566,284.91327,258.9921,
1567,441.8476,425.14044,
1568,574.466,551.8847,
1569,597.70105,661.2084,
1570,664.1764,687.0608,
1571,615.0178,647.819,
1572,584.65125,643.27686,
1573,598.88995,623.67084,
1574,556.2364,597.8626,
1575,437.3806,469.44992,
1576,293.92465,303.8009,
1577,202.3329,226.64023,
1578,141.43896,159.80734,
1579,92.10094,94.84982,
1580,35.279804,36.579258,
1581,6.9894547,7.711133,
1582,3.1767848,2.3213325,
1583,0.49414456,0.16042084,
1584,0.24596988,0.000386763,
1585,0.29780138,0,
1586,3.6853302,1.8641355,
1587,13.8743,12.139087,
1588,46.695564,53.370056,
1589,125.9028,134.5808,
1590,293.9461,277.86957,
1591,469.27115,421.48218,
1592,635.80475,624.06555,
1593,707.6227,714.9838,
1594,708.7897,756.6748,
1595,710.8092,746.0501,
1596,713.8901,722.89014,
1597,699.4612,703.881,
1598,553.3153,585.2792,
1599,436.68756,456.5399,
1600,351.64163,340.01425,
1601,217.47493,214.88007,
1602,139.62265,143.12204,
1603,95.38398,84.82003,
1604,33.37405,31.8727,
1605,4.6516385,3.1122177,
1606,2.4561923,0.42127678,
1607,0.6077379,0.017568767,
1608,0.228406,0,
1609,0.33328825,0,
1610,2.0595174,0.57872117,
1611,6.0706043,5.070046,
1612,15.668215,14.509149,
1613,26.114761,31.505136,
1614,48.851303,50.98342,
1615,62.58112,64.76918,
1616,109.50417,109.46694,
1617,130.44638,117.14495,
1618,156.43298,148.55717,
1619,264.2874,228.06181,
1620,336.82205,334.00296,
1621,379.2868,402.64807,
1622,308.89478,332.2573,
1623,287.2559,301.11597,
1624,217.84239,203.68764,
1625,137.73808,142.43987,
1626,98.258606,91.27694,
1627,56.56263,55.951405,
1628,20.740477,24.8086,
1629,4.4555664,4.3067155,
1630,1.814476,0.785156,
1631,0,0,
1632,0,0,
1633,0,0,
1634,2.988534,1.1032375,
1635,16.971127,12.488466,
1636,29.467472,30.117,
1637,89.69003,88.40275,
1638,165.31015,144.38573,
1639,311.353,292.70358,
1640,393.0514,390.16364,
1641,407.98218,399.64203,
1642,440.2945,419.762,
1643,442.116,417.87772,
1644,510.6253,512.8671,
1645,473.0102,493.05594,
1646,335.96277,378.8595,
1647,233.4643,255.36903,
1648,171.3944,160.18237,
1649,108.60594,98.33388,
1650,77.56203,71.08195,
1651,33.44947,31.585386,
1652,10.073946,12.778418,
1653,2.002808,1.5041634,
1654,1.8066608,0.36463407,
1655,0.77333754,0.11689298,
1656,0,0,
1657,0,0,
1658,3.3241818,1.9160491,
1659,9.913975,9.886192,
1660,20.534353,20.974064,
1661,39.354908,42.581947,
1662,106.378136,107.610176,
1663,248.89749,252.24402,
1664,332.11337,326.74722,
1665,365.9794,341.59012,
1666,343.02216,330.59683,
1667,372.03134,335.66132,
1668,360.66183,319.2497,
1669,309.38138,308.44592,
1670,255.38043,229.1735,
1671,158.6216,151.60515,
1672,117.812065,111.95733,
1673,95.233116,88.91869,
1674,71.610245,64.29335,
1675,38.924248,41.934258,
1676,19.297825,20.7316,
1677,3.3769004,3.3582792,
1678,2.3216326,0.57894886,
1679,0.06740449,0,
1680,0,0,
1681,0,0,
1682,2.6977017,1.0997655,
1683,8.618668,7.751383,
1684,22.73686,28.677004,
1685,79.31253,75.15779,
1686,136.39691,132.54863,
1687,301.9994,278.12012,
1688,285.68146,296.4469,
1689,184.86407,212.05318,
1690,168.98044,196.35962,
1691,244.57536,270.86578,
1692,318.8855,333.73465,
1693,301.7574,344.60797,
1694,312.3026,348.99194,
1695,341.18707,340.3079,
1696,290.59583,268.69855,
1697,225.03214,220.45663,
1698,167.20642,164.49763,
1699,104.00774,95.360214,
1700,48.35523,48.697662,
1701,7.656218,6.448735,
1702,2.4791958,0.7066668,
1703,0,0,
1704,0.040663224,0,
1705,0.37704456,0,
1706,5.3068404,3.2465205,
1707,10.586336,7.981796,
1708,34.630127,32.77678,
1709,88.760735,91.10255,
1710,95.7624,97.46029,
1711,146.1738,140.35168,
1712,197.88426,240.31776,
1713,268.5532,317.7351,
1714,293.99268,320.08655,
1715,325.08173,333.29407,
1716,308.78757,307.36633,
1717,209.1984,243.47552,
1718,221.8864,245.23785,
1719,241.55373,206.78171,
1720,204.90674,195.51424,
1721,137.85968,111.58059,
1722,91.11772,75.411674,
1723,46.611813,45.077534,
1724,13.711292,18.186441,
1725,4.310078,4.1575193,
1726,1.4459667,0.6471021,
1727,0,0,
1728,0.52153975,0,
1729,1.1995866,0,
1730,5.903176,2.9486334,
1731,12.220752,13.304961,
1732,24.945545,35.671463,
1733,97.00155,113.79638,
1734,127.25717,160.71646,
1735,250.0725,304.01727,
1736,346.8677,378.97867,
1737,360.88672,428.65714,
1738,387.8572,443.07443,
1739,416.71463,449.25845,
1740,388.7724,421.5052,
1741,369.8939,371.92786,
1742,301.36105,340.40994,
1743,298.40784,335.03778,
1744,213.4754,239.15414,
1745,186.4244,194.73825,
1746,119.744995,119.86792,
1747,81.49573,78.178665,
1748,40.57786,39.669094,
1749,7.8638177,8.38287,
1750,3.1664276,1.0592865,
1751,0.9295203,0.123187594,
1752,0.73163295,0,
1753,1.0842395,0,
1754,4.4588532,1.9828444,
1755,15.245732,19.640598,
1756,40.52546,47.632755,
1757,66.930855,72.29595,
1758,124.528,144.87851,
1759,234.10315,292.7876,
1760,379.96063,375.71866,
1761,434.93515,405.76163,
1762,459.29303,455.3509,
1763,471.57538,483.31708,
1764,484.9297,506.05264,
1765,449.85562,418.55978,
1766,297.31836,311.97885,
1767,183.50504,196.04538,
1768,165.73547,156.56717,
1769,105.59157,110.80226,
1770,49.987217,53.618546,
1771,31.834408,28.569824,
1772,14.652637,13.739613,
1773,2.8963015,3.574288,
1774,1.195664,0.3654375,
1775,0,0.14535086,
1776,0.081284314,0,
1777,0.37450933,0,
1778,3.4085293,1.8619066,
1779,8.035067,7.8594923,
1780,20.430717,21.977295,
1781,40.694344,46.941372,
1782,96.97114,98.77023,
1783,145.78603,148.3494,
1784,182.15054,169.53806,
1785,209.78174,188.37184,
1786,200.20465,206.47644,
1787,235.23714,274.4081,
1788,224.984,244.93489,
1789,188.59453,184.01532,
1790,175.8987,157.49011,
1791,178.92612,167.32132,
1792,143.25558,129.41887,
1793,108.50654,102.39772,
1794,81.13429,75.21577,
1795,54.8282,49.65992,
1796,27.646261,25.976667,
1797,4.906587,5.2575107,
1798,2.407185,0.60735875,
1799,0.5249066,0.05385176,
1800,0.3647526,0,
1801,0.750892,0,
1802,3.8759341,1.7079458,
1803,9.868963,10.313021,
1804,25.4019,29.755938,
1805,49.418026,58.30741,
1806,101.75966,117.00398,
1807,148.8294,146.9205,
1808,204.25772,268.5619,
1809,228.40689,333.3188,
1810,303.02002,385.1513,
1811,376.32098,403.9565,
1812,400.86395,398.24567,
1813,427.0404,396.19302,
1814,314.3106,298.34167,
1815,236.10197,235.53632,
1816,222.63083,221.02722,
1817,167.18579,170.59981,
1818,104.0173,108.6474,
1819,59.4151,55.78917,
1820,26.948935,24.289143,
1821,3.8335216,4.0050216,
1822,1.2998787,0.43055853,
1823,0.23429118,0,
1824,0,0,
1825,0.41223758,0,
1826,3.5126133,2.3316927,
1827,11.054022,12.412118,
1828,24.070385,31.37045,
1829,49.9055,62.258163,
1830,71.64866,81.43486,
1831,114.00347,115.78602,
1832,168.74881,169.91403,
1833,226.53232,226.31142,
1834,282.45178,279.80682,
1835,279.24646,245.37674,
1836,282.79248,283.3873,
1837,217.367,274.8158,
1838,202.61774,214.42854,
1839,182.30513,197.12482,
1840,167.32101,152.87164,
1841,155.49423,153.20366,
1842,105.55519,101.05139,
1843,67.37903,68.42779,
1844,44.322895,45.079643,
1845,11.068599,15.368333,
1846,1.3050413,0.67899275,
1847,0.26695627,0.017629854,
1848,0.695149,0,
1849,2.3894243,0.86069846,
1850,9.656598,4.985944,
1851,26.844482,25.014381,
1852,63.715393,69.708435,
1853,166.52367,159.76431,
1854,379.55386,330.1154,
1855,541.2138,473.36743,
1856,678.43274,676.0229,
1857,800.8235,783.7,
1858,857.18024,834.18805,
1859,868.2158,866.62225,
1860,867.58167,860.1476,
1861,810.1178,802.82947,
1862,671.39984,685.10565,
1863,548.5662,566.4849,
1864,414.18372,411.60416,
1865,294.59964,297.33322,
1866,167.04523,186.37932,
1867,98.966255,109.63055,
1868,58.33512,57.30537,
1869,14.523219,18.153217,
1870,3.177104,2.0796218,
1871,0.90584296,0.4012245,
1872,0.28506392,0,
1873,1.7916435,0.9965384,
1874,8.7853,6.660702,
1875,28.804815,27.811483,
1876,56.968433,61.238968,
1877,120.03859,111.967,
1878,237.64857,244.15407,
1879,460.98444,469.20023,
1880,547.01807,592.47644,
1881,662.4985,691.8338,
1882,684.5797,652.9352,
1883,539.74225,565.5059,
1884,316.34317,345.53012,
1885,297.6484,318.51578,
1886,285.09756,287.51944,
1887,303.2019,351.5939,
1888,250.59175,274.05234,
1889,155.46533,166.61403,
1890,108.71906,108.396774,
1891,70.822754,73.22403,
1892,40.85612,40.01442,
1893,15.24167,16.60562,
1894,4.1714444,2.7331896,
1895,1.9543146,0.50613964,
1896,0,0,
1897,1.0530744,0.22456625,
1898,6.684893,3.9728198,
1899,16.753649,16.809265,
1900,37.484215,41.990475,
1901,92.94235,110.03008,
1902,245.40352,249.8378,
1903,405.49335,394.92545,
1904,462.74957,491.39127,
1905,695.6166,680.6955,
1906,758.10675,715.6214,
1907,836.3701,799.6197,
1908,858.26904,835.7188,
1909,816.1194,786.39606,
1910,675.73517,683.1019,
1911,544.81055,577.7632,
1912,412.23645,422.71954,
1913,298.19693,303.27264,
1914,171.3488,190.34439,
1915,100.56443,109.62967,
1916,61.614513,59.42737,
1917,19.175749,18.753778,
1918,5.387304,3.8544137,
1919,1.6924505,0.476518,
1920,0.5632012,0.008054817,
1921,2.5324476,0.8499829,
1922,9.973375,6.3718653,
1923,25.670704,25.61832,
1924,63.768208,65.35347,
1925,154.12485,154.22343,
1926,297.10608,277.041,
1927,465.4549,396.54953,
1928,660.8167,633.21783,
1929,794.2882,773.00665,
1930,868.84546,845.4534,
1931,876.30853,869.41595,
1932,851.0078,850.7035,
1933,794.6786,788.26917,
1934,669.18207,663.67224,
1935,550.3211,575.51044,
1936,419.48126,425.959,
1937,313.6954,312.38947,
1938,187.11328,198.5611,
1939,112.97645,115.96572,
1940,71.87615,69.45398,
1941,22.720785,23.996038,
1942,6.0106378,6.2356935,
1943,1.6486734,1.0611832,
1944,0.55257374,0,
1945,2.5302541,0.73601246,
1946,9.493592,6.524173,
1947,24.411524,27.821255,
1948,61.154964,64.30193,
1949,167.55586,159.85083,
1950,306.52307,308.5838,
1951,519.0043,476.3858,
1952,683.4585,672.256,
1953,770.3568,767.8529,
1954,832.4368,811.6991,
1955,708.58606,685.4539,
1956,595.13153,613.4475,
1957,650.67053,672.483,
1958,504.93597,545.1804,
1959,391.2742,426.06616,
1960,294.92462,311.88812,
1961,182.02052,185.5261,
1962,129.26659,128.3602,
1963,81.60393,78.85053,
1964,40.645073,38.39325,
1965,14.858441,17.582363,
1966,2.2195225,2.5584111,
1967,0.8573953,0.21768048,
1968,0,0.0655885,
1969,0.25673673,1.7315643,
1970,4.403692,3.799144,
1971,13.5298605,17.26436,
1972,39.203136,46.806236,
1973,90.09043,109.84413,
1974,133.56638,135.19731,
1975,181.59622,180.25424,
1976,215.20708,275.15848,
1977,181.18518,190.21332,
1978,303.7686,300.67123,
1979,471.21393,509.3257,
1980,674.3623,663.219,
1981,676.69867,711.0503,
1982,622.61206,615.8468,
1983,512.4453,495.44165,
1984,353.76596,315.71478,
1985,253.44394,252.90343,
1986,139.90639,155.80655,
1987,79.382484,88.80042,
1988,47.04061,52.029896,
1989,16.304216,18.741188,
1990,4.3199954,3.9678621,
1991,1.4193361,0.48049548,
1992,0,0.94912124,
1993,0.33516395,2.2151282,
1994,5.015491,3.6929107,
1995,10.514818,6.3821497,
1996,14.477073,10.576274,
1997,25.499159,25.379726,
1998,47.77596,39.925953,
1999,104.38927,104.27532,
2000,147.0761,152.30461,
2001,220.85533,230.36234,
2002,264.57947,242.2605,
2003,303.11853,266.11978,
2004,271.4086,241.88034,
2005,365.95886,366.84277,
2006,391.49826,467.51816,
2007,375.8511,408.4947,
2008,246.54057,259.38678,
2009,196.86687,181.1709,
2010,146.24239,149.72537,
2011,84.4787,69.36138,
2012,44.78128,42.9436,
2013,13.866229,17.479933,
2014,1.7130997,2.3953168,
2015,0.6078941,0.14052257,
2016,0,0,
2017,1.5647206,0.6976827,
2018,9.5026455,6.4154086,
2019,25.038694,26.162647,
2020,62.48187,65.12305,
2021,175.80269,159.0504,
2022,339.84668,332.47873,
2023,490.9903,468.30597,
2024,618.1686,613.8527,
2025,753.1922,721.6189,
2026,807.31824,805.6794,
2027,822.827,823.6482,
2028,783.60913,790.613,
2029,627.3208,668.5509,
2030,455.9031,459.40176,
2031,368.62073,399.29413,
2032,315.75308,285.11594,
2033,203.88663,224.70323,
2034,112.49248,126.97247,
2035,60.21437,73.75135,
2036,42.707165,47.297726,
2037,11.849721,16.223536,
2038,2.4957201,3.0560162,
2039,0.84342235,0.60699356,
2040,0.69322765,0.08826355,
2041,2.063139,0.79832,
2042,10.475825,8.054647,
2043,24.05641,27.393738,
2044,61.92479,64.54392,
2045,139.99072,141.88284,
2046,296.79355,245.2976,
2047,492.42886,515.48517,
2048,658.5336,701.1236,
2049,753.5086,711.61554,
2050,853.3098,820.0193,
2051,869.866,863.85065,
2052,839.2552,830.9389,
2053,761.9811,756.31354,
2054,574.7026,617.9997,
2055,381.70175,434.044,
2056,310.20462,330.66498,
2057,218.80971,220.02753,
2058,151.47789,159.06061,
2059,99.31319,92.359764,
2060,59.269135,49.95264,
2061,20.798113,19.130686,
2062,5.205817,3.1900623,
2063,1.9873464,0.32617298,
2064,0.47056097,0,
2065,2.078498,1.399424,
2066,9.694518,7.1870775,
2067,21.631405,24.450773,
2068,33.497566,31.260622,
2069,61.717674,50.290485,
2070,102.93489,83.147865,
2071,124.89136,95.51594,
2072,144.92183,118.19836,
2073,189.0535,208.08054,
2074,277.22452,250.99536,
2075,207.15999,162.69865,
2076,221.595,219.77574,
2077,205.87271,211.47249,
2078,148.03386,126.53257,
2079,144.80681,125.389496,
2080,145.26672,120.317245,
2081,127.31923,91.12462,
2082,70.95716,61.06221,
2083,35.68513,32.13088,
2084,14.395403,16.098177,
2085,4.5301247,9.174386,
2086,0.49274996,1.6904708,
2087,0.9608488,0.33534744,
2088,0,0,
2089,1.1459752,0.4987374,
2090,6.363686,3.77776,
2091,7.2932568,6.16609,
2092,10.430047,7.2016163,
2093,21.292927,19.098879,
2094,65.16603,50.026394,
2095,100.56929,90.20698,
2096,100.076416,106.640274,
2097,102.95123,82.74634,
2098,135.85863,127.38138,
2099,177.04254,130.75217,
2100,180.10294,174.00258,
2101,219.55817,184.45006,
2102,184.50076,166.02155,
2103,203.33821,201.40573,
2104,168.81631,152.406,
2105,140.45181,123.76474,
2106,96.093346,89.27345,
2107,49.93946,51.00986,
2108,22.502182,35.512047,
2109,8.3510275,14.0327,
2110,1.2291918,2.2258825,
2111,0.25289273,0.03115924,
2112,0.36650905,0,
2113,1.2794776,1.1164056,
2114,10.415094,9.557472,
2115,26.013023,31.11118,
2116,50.52229,55.83177,
2117,76.04554,65.744064,
2118,150.2912,110.69468,
2119,315.19775,237.5624,
2120,504.65808,452.3736,
2121,689.71106,651.2278,
2122,774.8198,711.9954,
2123,644.323,554.64526,
2124,593.715,580.83075,
2125,579.35876,501.33704,
2126,486.90338,423.83017,
2127,309.57074,266.0492,
2128,249.73924,251.60143,
2129,170.23338,184.69147,
2130,112.09143,126.694565,
2131,70.68626,77.8137,
2132,40.436928,43.036945,
2133,10.859498,13.205261,
2134,2.2845771,2.3354826,
2135,0.99501246,0.35122553,
2136,0,0,
2137,0.11316853,0,
2138,4.5828485,2.2052367,
2139,13.670566,11.601691,
2140,19.71207,19.069141,
2141,28.078138,22.564144,
2142,42.50377,27.992378,
2143,85.54328,63.64836,
2144,187.3999,143.72032,
2145,210.00954,319.61084,
2146,397.2118,350.48434,
2147,546.567,512.70154,
2148,453.58105,413.35742,
2149,433.84094,373.66782,
2150,293.52466,274.04523,
2151,259.16263,237.66147,
2152,189.52097,174.47725,
2153,134.44002,128.9334,
2154,99.89914,94.30571,
2155,72.53265,69.79834,
2156,43.4609,44.278572,
2157,13.072128,17.382914,
2158,1.8318882,2.6311033,
2159,0.48901173,0.39574862,
